Workbook

Sheet Executive Dashboard
A1: EasyChatBot — AI Runtime Intelligence Dashboard
A2: Hackathon scope • dynamic token health • capability-specific thresholds • beta baseline
A4: EXECUTIVE KPIs | J4: TOKEN HEALTH LEGEND
A5: Total Executions | B5: =COUNTA('Usage Events - Agent Input'!$A$2:$A$1000) | J5: GREEN | K5: ≤100% of capability-specific green baseline
A6: Total Input Tokens | B6: =SUM('Usage Events - Agent Input'!$I$2:$I$1000) | J6: YELLOW | K6: >100% to 150%
A7: Total Output Tokens | B7: =SUM('Usage Events - Agent Input'!$J$2:$J$1000) | J7: ORANGE | K7: >150% to 250%
A8: Estimated Cost | B8: =SUM('Usage Events - Agent Input'!$L$2:$L$1000) | J8: RED | K8: >250%
A9: Average Latency (ms) | B9: =IFERROR(AVERAGE('Usage Events - Agent Input'!$K$2:$K$1000),0)
A10: Average Quality | B10: =IFERROR(AVERAGE('Usage Events - Agent Input'!$M$2:$M$1000),0)
J11: WHY THERE IS A LEGEND PER FUNCTIONALITY
J12: A Live Intelligence request is expected to consume more tokens than a memory retrieval.
A13: CAPABILITY HEALTH — FORMULA DRIVEN | J13: Therefore the same global token limit would create misleading red/green signals.
A14: Capability | B14: Executions | C14: Avg Input Tokens | D14: Avg Output Tokens | E14: Input vs Green | F14: Output vs Green | G14: Health Status | H14: Decision | J14: Open 'Capability Thresholds' for the documented threshold and legend for every capability.
A15: Memory Personalisation | B15: =COUNTIF('Usage Events - Agent Input'!$D$2:$D$1000,"memory_personalisation") | C15: =IFERROR(AVERAGEIF('Usage Events - Agent Input'!$D$2:$D$1000,"memory_personalisation",'Usage Events - Agent Input'!$I$2:$I$1000),0) | D15: =IFERROR(AVERAGEIF('Usage Events - Agent Input'!$D$2:$D$1000,"memory_personalisation",'Usage Events - Agent Input'!$J$2:$J$1000),0) | E15: =IFERROR(C15/INDEX('Capability Thresholds'!$C$2:$C$7,MATCH("memory_personalisation",'Capability Thresholds'!$B$2:$B$7,0)),0) | F15: =IFERROR(D15/INDEX('Capability Thresholds'!$G$2:$G$7,MATCH("memory_personalisation",'Capability Thresholds'!$B$2:$B$7,0)),0) | G15: =IF(MAX(E15,F15)<=1,"GREEN",IF(MAX(E15,F15)<=1.5,"YELLOW",IF(MAX(E15,F15)<=2.5,"ORANGE","RED"))) | H15: =IF(G15="GREEN","Operate normally",IF(G15="YELLOW","Monitor trend",IF(G15="ORANGE","Optimise prompt/model","Investigate anomaly")))
A16: Flashcard Generation | B16: =COUNTIF('Usage Events - Agent Input'!$D$2:$D$1000,"flashcards") | C16: =IFERROR(AVERAGEIF('Usage Events - Agent Input'!$D$2:$D$1000,"flashcards",'Usage Events - Agent Input'!$I$2:$I$1000),0) | D16: =IFERROR(AVERAGEIF('Usage Events - Agent Input'!$D$2:$D$1000,"flashcards",'Usage Events - Agent Input'!$J$2:$J$1000),0) | E16: =IFERROR(C16/INDEX('Capability Thresholds'!$C$2:$C$7,MATCH("flashcards",'Capability Thresholds'!$B$2:$B$7,0)),0) | F16: =IFERROR(D16/INDEX('Capability Thresholds'!$G$2:$G$7,MATCH("flashcards",'Capability Thresholds'!$B$2:$B$7,0)),0) | G16: =IF(MAX(E16,F16)<=1,"GREEN",IF(MAX(E16,F16)<=1.5,"YELLOW",IF(MAX(E16,F16)<=2.5,"ORANGE","RED"))) | H16: =IF(G16="GREEN","Operate normally",IF(G16="YELLOW","Monitor trend",IF(G16="ORANGE","Optimise prompt/model","Investigate anomaly")))
A17: Podcast Discovery | B17: =COUNTIF('Usage Events - Agent Input'!$D$2:$D$1000,"podcast_discovery") | C17: =IFERROR(AVERAGEIF('Usage Events - Agent Input'!$D$2:$D$1000,"podcast_discovery",'Usage Events - Agent Input'!$I$2:$I$1000),0) | D17: =IFERROR(AVERAGEIF('Usage Events - Agent Input'!$D$2:$D$1000,"podcast_discovery",'Usage Events - Agent Input'!$J$2:$J$1000),0) | E17: =IFERROR(C17/INDEX('Capability Thresholds'!$C$2:$C$7,MATCH("podcast_discovery",'Capability Thresholds'!$B$2:$B$7,0)),0) | F17: =IFERROR(D17/INDEX('Capability Thresholds'!$G$2:$G$7,MATCH("podcast_discovery",'Capability Thresholds'!$B$2:$B$7,0)),0) | G17: =IF(MAX(E17,F17)<=1,"GREEN",IF(MAX(E17,F17)<=1.5,"YELLOW",IF(MAX(E17,F17)<=2.5,"ORANGE","RED"))) | H17: =IF(G17="GREEN","Operate normally",IF(G17="YELLOW","Monitor trend",IF(G17="ORANGE","Optimise prompt/model","Investigate anomaly")))
A18: Podcast Learning Challenge | B18: =COUNTIF('Usage Events - Agent Input'!$D$2:$D$1000,"podcast_learning") | C18: =IFERROR(AVERAGEIF('Usage Events - Agent Input'!$D$2:$D$1000,"podcast_learning",'Usage Events - Agent Input'!$I$2:$I$1000),0) | D18: =IFERROR(AVERAGEIF('Usage Events - Agent Input'!$D$2:$D$1000,"podcast_learning",'Usage Events - Agent Input'!$J$2:$J$1000),0) | E18: =IFERROR(C18/INDEX('Capability Thresholds'!$C$2:$C$7,MATCH("podcast_learning",'Capability Thresholds'!$B$2:$B$7,0)),0) | F18: =IFERROR(D18/INDEX('Capability Thresholds'!$G$2:$G$7,MATCH("podcast_learning",'Capability Thresholds'!$B$2:$B$7,0)),0) | G18: =IF(MAX(E18,F18)<=1,"GREEN",IF(MAX(E18,F18)<=1.5,"YELLOW",IF(MAX(E18,F18)<=2.5,"ORANGE","RED"))) | H18: =IF(G18="GREEN","Operate normally",IF(G18="YELLOW","Monitor trend",IF(G18="ORANGE","Optimise prompt/model","Investigate anomaly")))
A19: Live Intelligence | B19: =COUNTIF('Usage Events - Agent Input'!$D$2:$D$1000,"live_intelligence") | C19: =IFERROR(AVERAGEIF('Usage Events - Agent Input'!$D$2:$D$1000,"live_intelligence",'Usage Events - Agent Input'!$I$2:$I$1000),0) | D19: =IFERROR(AVERAGEIF('Usage Events - Agent Input'!$D$2:$D$1000,"live_intelligence",'Usage Events - Agent Input'!$J$2:$J$1000),0) | E19: =IFERROR(C19/INDEX('Capability Thresholds'!$C$2:$C$7,MATCH("live_intelligence",'Capability Thresholds'!$B$2:$B$7,0)),0) | F19: =IFERROR(D19/INDEX('Capability Thresholds'!$G$2:$G$7,MATCH("live_intelligence",'Capability Thresholds'!$B$2:$B$7,0)),0) | G19: =IF(MAX(E19,F19)<=1,"GREEN",IF(MAX(E19,F19)<=1.5,"YELLOW",IF(MAX(E19,F19)<=2.5,"ORANGE","RED"))) | H19: =IF(G19="GREEN","Operate normally",IF(G19="YELLOW","Monitor trend",IF(G19="ORANGE","Optimise prompt/model","Investigate anomaly")))
A20: Evaluation | B20: =COUNTIF('Usage Events - Agent Input'!$D$2:$D$1000,"evaluation") | C20: =IFERROR(AVERAGEIF('Usage Events - Agent Input'!$D$2:$D$1000,"evaluation",'Usage Events - Agent Input'!$I$2:$I$1000),0) | D20: =IFERROR(AVERAGEIF('Usage Events - Agent Input'!$D$2:$D$1000,"evaluation",'Usage Events - Agent Input'!$J$2:$J$1000),0) | E20: =IFERROR(C20/INDEX('Capability Thresholds'!$C$2:$C$7,MATCH("evaluation",'Capability Thresholds'!$B$2:$B$7,0)),0) | F20: =IFERROR(D20/INDEX('Capability Thresholds'!$G$2:$G$7,MATCH("evaluation",'Capability Thresholds'!$B$2:$B$7,0)),0) | G20: =IF(MAX(E20,F20)<=1,"GREEN",IF(MAX(E20,F20)<=1.5,"YELLOW",IF(MAX(E20,F20)<=2.5,"ORANGE","RED"))) | H20: =IF(G20="GREEN","Operate normally",IF(G20="YELLOW","Monitor trend",IF(G20="ORANGE","Optimise prompt/model","Investigate anomaly")))

Sheet Usage Events - Agent Input
A1: event_id | B1: timestamp | C1: user_id | D1: capability | E1: functionality | F1: agent | G1: provider | H1: model | I1: input_tokens | J1: output_tokens | K1: latency_ms | L1: estimated_cost | M1: quality_score | N1: health_status
A2: evt-001 | B2: 2026-08-13T10:00:00Z | C2: learner-001 | D2: memory_personalisation | E2: learner_context | F2: conversation_agent | G2: Gemini | H2: flash-model | I2: 600 | J2: 250 | K2: 900 | L2: 0.01 | M2: 95 | N2: =IF(D2="","",IF(MAX(IFERROR(I2/INDEX('Capability Thresholds'!$C$2:$C$7,MATCH(D2,'Capability Thresholds'!$B$2:$B$7,0)),0),IFERROR(J2/INDEX('Capability Thresholds'!$G$2:$G$7,MATCH(D2,'Capability Thresholds'!$B$2:$B$7,0)),0))<=1,"GREEN",IF(MAX(IFERROR(I2/INDEX('Capability Thresholds'!$C$2:$C$7,MATCH(D2,'Capability Thresholds'!$B$2:$B$7,0)),0),IFERROR(J2/INDEX('Capability Thresholds'!$G$2:$G$7,MATCH(D2,'Capability Thresholds'!$B$2:$B$7,0)),0))<=1.5,"YELLOW",IF(MAX(IFERROR(I2/INDEX('Capability Thresholds'!$C$2:$C$7,MATCH(D2,'Capability Thresholds'!$B$2:$B$7,0)),0),IFERROR(J2/INDEX('Capability Thresholds'!$G$2:$G$7,MATCH(D2,'Capability Thresholds'!$B$2:$B$7,0)),0))<=2.5,"ORANGE","RED"))))
A3: evt-002 | B3: 2026-08-13T10:03:00Z | C3: learner-002 | D3: memory_personalisation | E3: learner_context | F3: conversation_agent | G3: Gemini | H3: flash-model | I3: 900 | J3: 350 | K3: 1100 | L3: 0.012 | M3: 94 | N3: =IF(D3="","",IF(MAX(IFERROR(I3/INDEX('Capability Thresholds'!$C$2:$C$7,MATCH(D3,'Capability Thresholds'!$B$2:$B$7,0)),0),IFERROR(J3/INDEX('Capability Thresholds'!$G$2:$G$7,MATCH(D3,'Capability Thresholds'!$B$2:$B$7,0)),0))<=1,"GREEN",IF(MAX(IFERROR(I3/INDEX('Capability Thresholds'!$C$2:$C$7,MATCH(D3,'Capability Thresholds'!$B$2:$B$7,0)),0),IFERROR(J3/INDEX('Capability Thresholds'!$G$2:$G$7,MATCH(D3,'Capability Thresholds'!$B$2:$B$7,0)),0))<=1.5,"YELLOW",IF(MAX(IFERROR(I3/INDEX('Capability Thresholds'!$C$2:$C$7,MATCH(D3,'Capability Thresholds'!$B$2:$B$7,0)),0),IFERROR(J3/INDEX('Capability Thresholds'!$G$2:$G$7,MATCH(D3,'Capability Thresholds'!$B$2:$B$7,0)),0))<=2.5,"ORANGE","RED"))))
A4: evt-003 | B4: 2026-08-13T10:10:00Z | C4: learner-001 | D4: flashcards | E4: flashcard_generation | F4: learning_agent | G4: Gemini | H4: flash-model | I4: 1200 | J4: 650 | K4: 1300 | L4: 0.015 | M4: 93 | N4: =IF(D4="","",IF(MAX(IFERROR(I4/INDEX('Capability Thresholds'!$C$2:$C$7,MATCH(D4,'Capability Thresholds'!$B$2:$B$7,0)),0),IFERROR(J4/INDEX('Capability Thresholds'!$G$2:$G$7,MATCH(D4,'Capability Thresholds'!$B$2:$B$7,0)),0))<=1,"GREEN",IF(MAX(IFERROR(I4/INDEX('Capability Thresholds'!$C$2:$C$7,MATCH(D4,'Capability Thresholds'!$B$2:$B$7,0)),0),IFERROR(J4/INDEX('Capability Thresholds'!$G$2:$G$7,MATCH(D4,'Capability Thresholds'!$B$2:$B$7,0)),0))<=1.5,"YELLOW",IF(MAX(IFERROR(I4/INDEX('Capability Thresholds'!$C$2:$C$7,MATCH(D4,'Capability Thresholds'!$B$2:$B$7,0)),0),IFERROR(J4/INDEX('Capability Thresholds'!$G$2:$G$7,MATCH(D4,'Capability Thresholds'!$B$2:$B$7,0)),0))<=2.5,"ORANGE","RED"))))
A5: evt-004 | B5: 2026-08-13T10:15:00Z | C5: learner-003 | D5: podcast_discovery | E5: podcast_search | F5: discovery_agent | G5: Parallel | H5: search | I5: 2100 | J5: 1200 | K5: 2400 | L5: 0.02 | M5: 91 | N5: =IF(D5="","",IF(MAX(IFERROR(I5/INDEX('Capability Thresholds'!$C$2:$C$7,MATCH(D5,'Capability Thresholds'!$B$2:$B$7,0)),0),IFERROR(J5/INDEX('Capability Thresholds'!$G$2:$G$7,MATCH(D5,'Capability Thresholds'!$B$2:$B$7,0)),0))<=1,"GREEN",IF(MAX(IFERROR(I5/INDEX('Capability Thresholds'!$C$2:$C$7,MATCH(D5,'Capability Thresholds'!$B$2:$B$7,0)),0),IFERROR(J5/INDEX('Capability Thresholds'!$G$2:$G$7,MATCH(D5,'Capability Thresholds'!$B$2:$B$7,0)),0))<=1.5,"YELLOW",IF(MAX(IFERROR(I5/INDEX('Capability Thresholds'!$C$2:$C$7,MATCH(D5,'Capability Thresholds'!$B$2:$B$7,0)),0),IFERROR(J5/INDEX('Capability Thresholds'!$G$2:$G$7,MATCH(D5,'Capability Thresholds'!$B$2:$B$7,0)),0))<=2.5,"ORANGE","RED"))))
A6: evt-005 | B6: 2026-08-13T10:20:00Z | C6: learner-004 | D6: podcast_learning | E6: learning_challenge | F6: challenge_agent | G6: Gemini | H6: flash-model | I6: 3100 | J6: 1800 | K6: 3100 | L6: 0.03 | M6: 94 | N6: =IF(D6="","",IF(MAX(IFERROR(I6/INDEX('Capability Thresholds'!$C$2:$C$7,MATCH(D6,'Capability Thresholds'!$B$2:$B$7,0)),0),IFERROR(J6/INDEX('Capability Thresholds'!$G$2:$G$7,MATCH(D6,'Capability Thresholds'!$B$2:$B$7,0)),0))<=1,"GREEN",IF(MAX(IFERROR(I6/INDEX('Capability Thresholds'!$C$2:$C$7,MATCH(D6,'Capability Thresholds'!$B$2:$B$7,0)),0),IFERROR(J6/INDEX('Capability Thresholds'!$G$2:$G$7,MATCH(D6,'Capability Thresholds'!$B$2:$B$7,0)),0))<=1.5,"YELLOW",IF(MAX(IFERROR(I6/INDEX('Capability Thresholds'!$C$2:$C$7,MATCH(D6,'Capability Thresholds'!$B$2:$B$7,0)),0),IFERROR(J6/INDEX('Capability Thresholds'!$G$2:$G$7,MATCH(D6,'Capability Thresholds'!$B$2:$B$7,0)),0))<=2.5,"ORANGE","RED"))))
A7: evt-006 | B7: 2026-08-13T10:25:00Z | C7: learner-005 | D7: live_intelligence | E7: research | F7: research_agent | G7: Parallel | H7: search | I7: 6200 | J7: 3000 | K7: 5200 | L7: 0.04 | M7: 92 | N7: =IF(D7="","",IF(MAX(IFERROR(I7/INDEX('Capability Thresholds'!$C$2:$C$7,MATCH(D7,'Capability Thresholds'!$B$2:$B$7,0)),0),IFERROR(J7/INDEX('Capability Thresholds'!$G$2:$G$7,MATCH(D7,'Capability Thresholds'!$B$2:$B$7,0)),0))<=1,"GREEN",IF(MAX(IFERROR(I7/INDEX('Capability Thresholds'!$C$2:$C$7,MATCH(D7,'Capability Thresholds'!$B$2:$B$7,0)),0),IFERROR(J7/INDEX('Capability Thresholds'!$G$2:$G$7,MATCH(D7,'Capability Thresholds'!$B$2:$B$7,0)),0))<=1.5,"YELLOW",IF(MAX(IFERROR(I7/INDEX('Capability Thresholds'!$C$2:$C$7,MATCH(D7,'Capability Thresholds'!$B$2:$B$7,0)),0),IFERROR(J7/INDEX('Capability Thresholds'!$G$2:$G$7,MATCH(D7,'Capability Thresholds'!$B$2:$B$7,0)),0))<=2.5,"ORANGE","RED"))))
A8: evt-007 | B8: 2026-08-13T10:30:00Z | C8: learner-006 | D8: evaluation | E8: quality_evaluation | F8: evaluation_agent | G8: Gemini | H8: flash-model | I8: 900 | J8: 450 | K8: 1500 | L8: 0.012 | M8: 96 | N8: =IF(D8="","",IF(MAX(IFERROR(I8/INDEX('Capability Thresholds'!$C$2:$C$7,MATCH(D8,'Capability Thresholds'!$B$2:$B$7,0)),0),IFERROR(J8/INDEX('Capability Thresholds'!$G$2:$G$7,MATCH(D8,'Capability Thresholds'!$B$2:$B$7,0)),0))<=1,"GREEN",IF(MAX(IFERROR(I8/INDEX('Capability Thresholds'!$C$2:$C$7,MATCH(D8,'Capability Thresholds'!$B$2:$B$7,0)),0),IFERROR(J8/INDEX('Capability Thresholds'!$G$2:$G$7,MATCH(D8,'Capability Thresholds'!$B$2:$B$7,0)),0))<=1.5,"YELLOW",IF(MAX(IFERROR(I8/INDEX('Capability Thresholds'!$C$2:$C$7,MATCH(D8,'Capability Thresholds'!$B$2:$B$7,0)),0),IFERROR(J8/INDEX('Capability Thresholds'!$G$2:$G$7,MATCH(D8,'Capability Thresholds'!$B$2:$B$7,0)),0))<=2.5,"ORANGE","RED"))))

Sheet Capability Thresholds
A1: Capability | B1: capability_key | C1: Input Green Max | D1: Input Yellow Max | E1: Input Orange Max | F1: Input Red Above | G1: Output Green Max | H1: Output Yellow Max | I1: Output Orange Max | J1: Output Red Above | K1: Status Methodology | L1: Documentation
A2: Memory Personalisation | B2: memory_personalisation | C2: 800 | D2: 1500 | E2: 3000 | F2: 3000 | G2: 400 | H2: 800 | I2: 1500 | J2: 1500 | K2: Worst of average input-token health and average output-token health | L2: Bounded learner context; status uses the worst of average input/output token health.
A3: Flashcard Generation | B3: flashcards | C3: 1000 | D3: 2000 | E3: 4000 | F3: 4000 | G3: 500 | H3: 1000 | I3: 2000 | J3: 2000 | K3: Worst of average input-token health and average output-token health | L3: Short learning-card generation; status uses the worst of average input/output token health.
A4: Podcast Discovery | B4: podcast_discovery | C4: 1500 | D4: 3000 | E4: 6000 | F4: 6000 | G4: 1000 | H4: 2000 | I4: 4000 | J4: 4000 | K4: Worst of average input-token health and average output-token health | L4: Discovery/retrieval workload; status uses the worst of average input/output token health.
A5: Podcast Learning Challenge | B5: podcast_learning | C5: 2000 | D5: 4000 | E5: 8000 | F5: 8000 | G5: 1500 | H5: 3000 | I5: 5000 | J5: 5000 | K5: Worst of average input-token health and average output-token health | L5: Exercise generation; status uses the worst of average input/output token health.
A6: Live Intelligence | B6: live_intelligence | C6: 3000 | D6: 7000 | E6: 12000 | F6: 12000 | G6: 2000 | H6: 5000 | I6: 8000 | J6: 8000 | K6: Worst of average input-token health and average output-token health | L6: External research workload; status uses the worst of average input/output token health.
A7: Evaluation | B7: evaluation | C7: 1000 | D7: 2000 | E7: 4000 | F7: 4000 | G7: 500 | H7: 1000 | I7: 2000 | J7: 2000 | K7: Worst of average input-token health and average output-token health | L7: Quality-control workload; status uses the worst of average input/output token health.
A10: PER-FUNCTIONALITY TOKEN HEALTH LEGEND
A11: Capability | B11: GREEN | C11: YELLOW | D11: ORANGE | E11: RED | F11: Rule
A12: Memory Personalisation | B12: Input ≤ 800; Output ≤ 400 | C12: Input > 800–1500 OR Output > 400–800 | D12: Input > 1500–3000 OR Output > 800–1500 | E12: Input > 3000 OR Output > 1500 | F12: Worst metric wins
A13: Flashcard Generation | B13: Input ≤ 1000; Output ≤ 500 | C13: Input > 1000–2000 OR Output > 500–1000 | D13: Input > 2000–4000 OR Output > 1000–2000 | E13: Input > 4000 OR Output > 2000 | F13: Worst metric wins
A14: Podcast Discovery | B14: Input ≤ 1500; Output ≤ 1000 | C14: Input > 1500–3000 OR Output > 1000–2000 | D14: Input > 3000–6000 OR Output > 2000–4000 | E14: Input > 6000 OR Output > 4000 | F14: Worst metric wins
A15: Podcast Learning Challenge | B15: Input ≤ 2000; Output ≤ 1500 | C15: Input > 2000–4000 OR Output > 1500–3000 | D15: Input > 4000–8000 OR Output > 3000–5000 | E15: Input > 8000 OR Output > 5000 | F15: Worst metric wins
A16: Live Intelligence | B16: Input ≤ 3000; Output ≤ 2000 | C16: Input > 3000–7000 OR Output > 2000–5000 | D16: Input > 7000–12000 OR Output > 5000–8000 | E16: Input > 12000 OR Output > 8000 | F16: Worst metric wins
A17: Evaluation | B17: Input ≤ 1000; Output ≤ 500 | C17: Input > 1000–2000 OR Output > 500–1000 | D17: Input > 2000–4000 OR Output > 1000–2000 | E17: Input > 4000 OR Output > 2000 | F17: Worst metric wins
A19: GLOBAL ESCALATION RULE
A20: GREEN | B20: ≤100% of capability-specific green baseline
A21: YELLOW | B21: >100% to 150%
A22: ORANGE | B22: >150% to 250%
A23: RED | B23: >250%
A24: BETA | B24: Thresholds are starting baselines and must be recalibrated after real user beta data.

Sheet Agent Summary Contract
A1: field | B1: meaning | C1: source/formula | D1: future agent action
A2: capability | B2: AI function executed | C2: Usage Events.capability | D2: Group and compare
A3: input_tokens | B3: Input consumption per execution | C3: Usage Events.input_tokens | D3: Detect context/prompt bloat
A4: output_tokens | B4: Generated consumption per execution | C4: Usage Events.output_tokens | D4: Detect excessive generation
A5: health_status | B5: Capability-specific traffic light | C5: Threshold rules | D5: Alert and summarise
A6: estimated_cost | B6: Estimated provider cost | C6: Usage Events.estimated_cost | D6: Track spend
A7: latency_ms | B7: Runtime latency | C7: Usage Events.latency_ms | D7: Find bottlenecks
A8: quality_score | B8: Learning/quality proxy | C8: Usage Events.quality_score | D8: Compare efficiency vs value

Sheet 4 Eyes Review
A1: Reviewer | B1: Review Area | C1: Decision | D1: Finding
A2: Head Architect | B2: Architecture/data boundaries | C2: APPROVED | D2: Usage observability remains separate from governance and execution.
A3: Head Service Provider Management | B3: Provider/model attribution | C3: APPROVED | D3: Provider and model remain explicit dimensions.
A4: Product Management | B4: Demo usability | C4: APPROVED | D4: Dynamic health indicators and visible legends support walkthrough.
A5: AI Operations / Agent Design | B5: Agent readability | C5: APPROVED | D5: Structured event and threshold tables are machine-readable.
